user,timestamp,comment
Johnj1995,2023-10-10T22:48:48Z,Undid revision 1179555499 by [[Special:Contributions/Readytowriteyay12345|Readytowriteyay12345]] ([[User talk:Readytowriteyay12345|talk]]) Unsourced
Graph8389,2023-10-11T21:16:48Z,/* Breeds */
WikiCleanerBot,2023-10-19T04:47:16Z,v2.05b - [[User:WikiCleanerBot#T20|Bot T20 CW#61]] - Fix errors for [[WP:WCW|CW project]] (Reference before punctuation)
Citation bot,2023-10-25T16:44:10Z,"Add: pmc, pmid. | [[:en:WP:UCB|Use this bot]]. [[:en:WP:DBUG|Report bugs]]. | Suggested by Abductive | [[Category:Wolves]] | #UCB_Category 11/45"
Halfsentientsnail,2023-10-30T06:37:11Z,
Justlettersandnumbers,2023-10-30T09:55:00Z,"Restored revision 1181852947 by [[Special:Contributions/Citation bot|Citation bot]] ([[User talk:Citation bot|talk]]): Thanks, but too many mistakes (grammar, [[MOS:OL]], low-grade sources etc); perhaps try making one edit at a time?"
Citation bot,2023-11-04T04:20:08Z,Alter: chapter. | [[:en:WP:UCB|Use this bot]]. [[:en:WP:DBUG|Report bugs]]. | Suggested by Лисан аль-Гаиб | #UCB_webform 2/102
Benison,2023-11-05T13:17:10Z,Cleaned up using [[WP:AutoEd|AutoEd]]
Graham87,2023-11-06T07:43:18Z,"/* See also */ undo edits by [[Special:Contributions/Alemedicen|Alemedicen]], tangential, promotional, paid editor"
Graham87,2023-11-06T08:12:49Z,/* Domestication */ rm duplicate text ... probably caused by a bad cut-and-paste in [[Special:Diff/1172721550|this edit]] by [[User:Hemiauchenia|Hemiauchenia]]
